time_s,full_target_worst_distance_m,center_point_distance_m,bottom_center_distance_m,threshold_m
5.10000000,22.76607694,22.18681824,22.45739858,10.00000000
5.11666667,22.69475380,22.11763305,22.38732334,10.00000000
5.13333333,22.62341621,22.04843471,22.31723453,10.00000000
5.15000000,22.55206423,21.97922328,22.24713219,10.00000000
5.16666667,22.48069790,21.90999879,22.17701636,10.00000000
5.18333333,22.40931725,21.84076129,22.10688707,10.00000000
5.20000000,22.33792234,21.77151083,22.03674437,10.00000000
5.21666667,22.26651320,21.70224744,21.96658831,10.00000000
5.23333333,22.19508988,21.63297118,21.89641893,10.00000000
5.25000000,22.12365243,21.56368209,21.82623627,10.00000000
5.26666667,22.05220090,21.49438023,21.75604038,10.00000000
5.28333333,21.98073533,21.42506564,21.68583131,10.00000000
5.30000000,21.90925577,21.35573837,21.61560910,10.00000000
5.31666667,21.83776237,21.28639847,21.54537381,10.00000000
5.33333333,21.76625512,21.21704600,21.47512547,10.00000000
5.35000000,21.69473403,21.14768100,21.40486415,10.00000000
5.36666667,21.62319916,21.07830354,21.33458990,10.00000000
5.38333333,21.55165056,21.00891366,21.26430276,10.00000000
5.40000000,21.48008828,20.93951143,21.19400279,10.00000000
5.41666667,21.40851238,20.87009689,21.12369005,10.00000000
5.43333333,21.33692292,20.80067011,21.05336458,10.00000000
5.45000000,21.26531995,20.73123116,20.98302645,10.00000000
5.46666667,21.19370354,20.66178007,20.91267571,10.00000000
5.48333333,21.12207374,20.59231693,20.84231243,10.00000000
5.50000000,21.05043061,20.52284179,20.77193665,10.00000000
5.51666667,20.97877422,20.45335471,20.70154845,10.00000000
5.53333333,20.90710463,20.38385576,20.63114788,10.00000000
5.55000000,20.83542190,20.31434500,20.56073500,10.00000000
5.56666667,20.76372610,20.24482251,20.49030989,10.00000000
5.58333333,20.69201729,20.17528835,20.41987260,10.00000000
5.60000000,20.62029555,20.10574259,20.34942320,10.00000000
5.61666667,20.54856095,20.03618529,20.27896176,10.00000000
5.63333333,20.47681355,19.96661655,20.20848835,10.00000000
5.65000000,20.40505342,19.89703641,20.13800304,10.00000000
5.66666667,20.33328065,19.82744497,20.06750590,10.00000000
5.68333333,20.26149530,19.75784230,19.99699700,10.00000000
5.70000000,20.18969745,19.68822847,19.92647641,10.00000000
5.71666667,20.11788718,19.61860356,19.85594422,10.00000000
5.73333333,20.04606457,19.54896766,19.78540049,10.00000000
5.75000000,19.97422969,19.47932084,19.71484531,10.00000000
5.76666667,19.90238263,19.40966320,19.64427876,10.00000000
5.78333333,19.83052348,19.33999480,19.57370092,10.00000000
5.80000000,19.75865231,19.27031575,19.50311186,10.00000000
5.81666667,19.68676922,19.20062613,19.43251168,10.00000000
5.83333333,19.61487429,19.13092602,19.36190046,10.00000000
5.85000000,19.54296762,19.06121552,19.29127829,10.00000000
5.86666667,19.47104928,18.99149473,19.22064525,10.00000000
5.88333333,19.39911943,18.92176373,19.15000144,10.00000000
5.90000000,19.32717824,18.85202263,19.07934695,10.00000000
5.91666667,19.25522567,18.78227151,19.00868187,10.00000000
5.93333333,19.18326183,18.71251049,18.93800630,10.00000000
5.95000000,19.11128682,18.64273966,18.86732034,10.00000000
5.96666667,19.03930073,18.57295912,18.79662408,10.00000000
5.98333333,18.96730369,18.50316899,18.72591763,10.00000000
6.00000000,18.89529578,18.43336937,18.65520109,10.00000000
6.01666667,18.82327712,18.36356037,18.58447456,10.00000000
6.03333333,18.75124783,18.29374209,18.51373816,10.00000000
6.05000000,18.67920800,18.22391466,18.44299198,10.00000000
6.06666667,18.60715776,18.15407820,18.37223615,10.00000000
6.08333333,18.53509722,18.08423280,18.30147077,10.00000000
6.10000000,18.46302650,18.01437861,18.23069596,10.00000000
6.11666667,18.39094572,17.94451573,18.15991183,10.00000000
6.13333333,18.31885501,17.87464430,18.08911851,10.00000000
6.15000000,18.24675449,17.80476444,18.01831612,10.00000000
6.16666667,18.17464429,17.73487629,17.94750478,10.00000000
6.18333333,18.10252454,17.66497996,17.87668462,10.00000000
6.20000000,18.03039537,17.59507560,17.80585577,10.00000000
6.21666667,17.95825692,17.52516334,17.73501835,10.00000000
6.23333333,17.88610932,17.45524332,17.66417250,10.00000000
6.25000000,17.81395272,17.38531569,17.59331837,10.00000000
6.26666667,17.74178726,17.31538059,17.52245608,10.00000000
6.28333333,17.66961309,17.24543816,17.45158577,10.00000000
6.30000000,17.59743036,17.17548855,17.38070760,10.00000000
6.31666667,17.52523940,17.10553193,17.30982171,10.00000000
6.33333333,17.45304018,17.03556844,17.23892825,10.00000000
6.35000000,17.38083286,16.96559824,17.16802737,10.00000000
6.36666667,17.30861760,16.89562150,17.09711923,10.00000000
6.38333333,17.23639456,16.82563838,17.02620398,10.00000000
6.40000000,17.16416391,16.75564904,16.95528179,10.00000000
6.41666667,17.09192583,16.68565367,16.88435282,10.00000000
6.43333333,17.01968048,16.61565243,16.81341724,10.00000000
6.45000000,16.94742804,16.54564550,16.74247522,10.00000000
6.46666667,16.87516870,16.47563306,16.67152694,10.00000000
6.48333333,16.80290263,16.40561530,16.60057257,10.00000000
6.50000000,16.73063003,16.33559241,16.52961230,10.00000000
6.51666667,16.65835109,16.26556458,16.45864630,10.00000000
6.53333333,16.58606599,16.19553201,16.38767478,10.00000000
6.55000000,16.51377495,16.12549488,16.31669791,10.00000000
6.56666667,16.44147817,16.05545342,16.24571590,10.00000000
6.58333333,16.36917584,15.98540783,16.17472895,10.00000000
6.60000000,16.29686819,15.91535831,16.10373726,10.00000000
6.61666667,16.22455542,15.84530509,16.03274104,10.00000000
6.63333333,16.15223790,15.77524838,15.96174051,10.00000000
6.65000000,16.07991579,15.70518842,15.89073586,10.00000000
6.66666667,16.00758925,15.63512542,15.81972734,10.00000000
6.68333333,15.93525849,15.56505963,15.74871516,10.00000000
6.70000000,15.86292378,15.49499128,15.67769956,10.00000000
6.71666667,15.79058534,15.42492061,15.60668077,10.00000000
6.73333333,15.71824342,15.35484788,15.53565902,10.00000000
6.75000000,15.64589828,15.28477333,15.46463456,10.00000000
6.76666667,15.57355018,15.21469723,15.39360765,10.00000000
6.78333333,15.50119938,15.14461984,15.32257853,10.00000000
6.80000000,15.42884616,15.07454143,15.25154746,10.00000000
6.81666667,15.35649077,15.00446227,15.18051472,10.00000000
6.83333333,15.28413352,14.93438264,15.10948056,10.00000000
6.85000000,15.21177467,14.86430284,15.03844527,10.00000000
6.86666667,15.13941453,14.79422314,14.96740913,10.00000000
6.88333333,15.06705341,14.72414386,14.89637242,10.00000000
6.90000000,14.99469182,14.65406528,14.82533544,10.00000000
6.91666667,14.92232985,14.58398774,14.75429848,10.00000000
6.93333333,14.84996781,14.51391153,14.68326186,10.00000000
6.95000000,14.77760604,14.44383699,14.61222589,10.00000000
6.96666667,14.70524486,14.37376445,14.54119088,10.00000000
6.98333333,14.63288461,14.30369424,14.47015717,10.00000000
7.00000000,14.56052565,14.23362671,14.39912507,10.00000000
7.01666667,14.48816831,14.16356221,14.32809495,10.00000000
7.03333333,14.41581297,14.09350111,14.25706713,10.00000000
7.05000000,14.34346000,14.02344376,14.18604198,10.00000000
7.06666667,14.27110977,13.95339054,14.11501985,10.00000000
7.08333333,14.19876266,13.88334185,14.04400113,10.00000000
7.10000000,14.12641915,13.81329806,13.97298618,10.00000000
7.11666667,14.05407974,13.74325958,13.90197540,10.00000000
7.13333333,13.98174466,13.67322682,13.83096918,10.00000000
7.15000000,13.90941434,13.60320019,13.75996792,10.00000000
7.16666667,13.83708921,13.53318014,13.68897203,10.00000000
7.18333333,13.76476970,13.46316708,13.61798195,10.00000000
7.20000000,13.69245626,13.39316147,13.54699809,10.00000000
7.21666667,13.62014936,13.32316376,13.47602090,10.00000000
7.23333333,13.54784947,13.25317443,13.40505084,10.00000000
7.25000000,13.47555706,13.18319394,13.33408836,10.00000000
7.26666667,13.40327263,13.11322279,13.26313393,10.00000000
7.28333333,13.33099683,13.04326147,13.19218804,10.00000000
7.30000000,13.25873015,12.97331050,13.12125118,10.00000000
7.31666667,13.18647299,12.90337039,13.05032385,10.00000000
7.33333333,13.11422589,12.83344169,12.97940657,10.00000000
7.35000000,13.04198941,12.76352493,12.90849988,10.00000000
7.36666667,12.96976410,12.69362068,12.83760430,10.00000000
7.38333333,12.89755055,12.62372951,12.76672040,10.00000000
7.40000000,12.82534934,12.55385199,12.69584874,10.00000000
7.41666667,12.75316109,12.48398874,12.62498990,10.00000000
7.43333333,12.68098653,12.41414037,12.55414446,10.00000000
7.45000000,12.60882634,12.34430750,12.48331305,10.00000000
7.46666667,12.53668101,12.27449076,12.41249628,10.00000000
7.48333333,12.46455119,12.20469084,12.34169478,10.00000000
7.50000000,12.39243759,12.13490838,12.27090922,10.00000000
7.51666667,12.32034088,12.06514409,12.20014025,10.00000000
7.53333333,12.24826179,11.99539867,12.12938856,10.00000000
7.55000000,12.17620105,11.92567284,12.05865485,10.00000000
7.56666667,12.10415957,11.85596734,11.98793984,10.00000000
7.58333333,12.03213810,11.78628294,11.91724426,10.00000000
7.60000000,11.96013730,11.71662040,11.84656887,10.00000000
7.61666667,11.88815796,11.64698053,11.77591443,10.00000000
7.63333333,11.81620091,11.57736414,11.70528175,10.00000000
7.65000000,11.74426701,11.50777208,11.63467162,10.00000000
7.66666667,11.67235713,11.43820518,11.56408489,10.00000000
7.68333333,11.60047236,11.36866434,11.49352240,10.00000000
7.70000000,11.52861354,11.29915046,11.42298503,10.00000000
7.71666667,11.45678148,11.22966446,11.35247367,10.00000000
7.73333333,11.38497715,11.16020729,11.28198924,10.00000000
7.75000000,11.31320154,11.09077991,11.21153269,10.00000000
7.76666667,11.24145567,11.02138334,11.14110499,10.00000000
7.78333333,11.16974076,10.95201858,11.07070712,10.00000000
7.80000000,11.09805784,10.88268669,11.00034010,10.00000000
7.81666667,11.02640787,10.81338874,10.93000499,10.00000000
7.83333333,10.95479197,10.74412585,10.85970284,10.00000000
7.85000000,10.88321129,10.67489914,10.78943477,10.00000000
7.86666667,10.81166708,10.60570977,10.71920190,10.00000000
7.88333333,10.74016080,10.53655895,10.64900539,10.00000000
7.90000000,10.66869341,10.46744790,10.57884644,10.00000000
7.91666667,10.59726620,10.39837787,10.50872627,10.00000000
7.93333333,10.52588048,10.32935017,10.43864614,10.00000000
7.95000000,10.45453773,10.26036612,10.36860734,10.00000000
7.96666667,10.38323949,10.19142709,10.29861119,10.00000000
7.98333333,10.31198693,10.12253448,10.22865907,10.00000000
8.00000000,10.24078155,10.05368973,10.15875236,10.00000000
8.01666667,10.16962485,9.98489432,10.08889252,10.00000000
8.03333333,10.09851874,9.91614977,10.01908103,10.00000000
8.05000000,10.02746451,9.84745765,9.94931940,10.00000000
8.06666667,9.95646377,9.77881957,9.87960920,10.00000000
8.08333333,9.88551824,9.71023719,9.80995205,10.00000000
8.10000000,9.81463003,9.64171220,9.74034960,10.00000000
8.11666667,9.74380057,9.57324635,9.67080355,10.00000000
8.13333333,9.67303171,9.50484145,9.60131567,10.00000000
8.15000000,9.60232550,9.43649935,9.53188775,10.00000000
8.16666667,9.53168400,9.36822195,9.46252165,10.00000000
8.18333333,9.46110897,9.30001121,9.39321929,10.00000000
8.20000000,9.39060255,9.23186916,9.32398262,10.00000000
8.21666667,9.32016720,9.16379788,9.25481369,10.00000000
8.23333333,9.24980476,9.09579949,9.18571458,10.00000000
8.25000000,9.17951753,9.02787621,9.11668744,10.00000000
8.26666667,9.10930822,8.96003031,9.04773448,10.00000000
8.28333333,9.03917884,8.89226413,8.97885798,10.00000000
8.30000000,8.96913203,8.82458007,8.91006031,10.00000000
8.31666667,8.89917051,8.75698061,8.84134388,10.00000000
8.33333333,8.82929662,8.68946832,8.77271119,10.00000000
8.35000000,8.75951344,8.62204583,8.70416482,10.00000000
8.36666667,8.68982355,8.55471585,8.63570743,10.00000000
8.38333333,8.62022990,8.48748119,8.56734175,10.00000000
8.40000000,8.55073563,8.42034475,8.49907062,10.00000000
8.41666667,8.48134360,8.35330949,8.43089695,10.00000000
8.43333333,8.41205733,8.28637850,8.36282374,10.00000000
8.45000000,8.34287974,8.21955493,8.29485411,10.00000000
8.46666667,8.27381465,8.15284208,8.22699125,10.00000000
8.48333333,8.20486520,8.08624331,8.15923849,10.00000000
8.50000000,8.13603535,8.01976210,8.09159922,10.00000000
8.51666667,8.06732860,7.95340206,8.02407699,10.00000000
8.53333333,7.99874899,7.88716690,7.95667542,10.00000000
8.55000000,7.93030050,7.82106045,7.88939830,10.00000000
8.56666667,7.86198715,7.75508669,7.82224951,10.00000000
8.58333333,7.79381350,7.68924968,7.75523305,10.00000000
8.60000000,7.72578374,7.62355368,7.68835310,10.00000000
8.61666667,7.65790246,7.55800303,7.62161394,10.00000000
8.63333333,7.59017457,7.49260226,7.55502000,10.00000000
8.65000000,7.52260485,7.42735603,7.48857588,10.00000000
8.66666667,7.45519837,7.36226916,7.42228633,10.00000000
8.68333333,7.38796037,7.29734663,7.35615624,10.00000000
8.70000000,7.32089629,7.23259361,7.29019070,10.00000000
8.71666667,7.25401177,7.16801541,7.22439496,10.00000000
8.73333333,7.18731264,7.10361755,7.15877446,10.00000000
8.75000000,7.12080489,7.03940573,7.09333481,10.00000000
8.76666667,7.05449475,6.97538584,7.02808185,10.00000000
8.78333333,6.98838871,6.91156400,6.96302160,10.00000000
8.80000000,6.92249342,6.84794652,6.89816030,10.00000000
8.81666667,6.85681579,6.78453992,6.83350441,10.00000000
8.83333333,6.79136299,6.72135097,6.76906062,10.00000000
8.85000000,6.72614248,6.65838668,6.70483586,10.00000000
8.86666667,6.66116198,6.59565428,6.64083732,10.00000000
8.88333333,6.59642938,6.53316128,6.57707242,10.00000000
8.90000000,6.53195304,6.47091544,6.51354888,10.00000000
8.91666667,6.46774148,6.40892481,6.45027467,10.00000000
8.93333333,6.40380357,6.34719772,6.38725807,10.00000000
8.95000000,6.34014853,6.28574278,6.32450764,10.00000000
8.96666667,6.27678591,6.22456893,6.26203229,10.00000000
8.98333333,6.21372557,6.16368542,6.19984120,10.00000000
9.00000000,6.15097776,6.10310183,6.13794394,10.00000000
9.01666667,6.08855313,6.04282808,6.07635038,10.00000000
9.03333333,6.02646265,5.98287443,6.01507079,10.00000000
9.05000000,5.96471776,5.92325155,5.95411579,10.00000000
9.06666667,5.90333029,5.86397044,5.89349641,10.00000000
9.08333333,5.84231247,5.80504252,5.83322407,10.00000000
9.10000000,5.78167700,5.74647962,5.77331060,10.00000000
9.11666667,5.72143703,5.68829397,5.71376828,10.00000000
9.13333333,5.66160617,5.63049825,5.65460983,10.00000000
9.15000000,5.60219853,5.57310557,5.59584842,10.00000000
9.16666667,5.54322868,5.51612953,5.53749772,10.00000000
9.18333333,5.48471168,5.45958418,5.47957188,10.00000000
9.20000000,5.42666312,5.40348406,5.42208556,10.00000000
9.21666667,5.36909905,5.34784423,5.36505395,10.00000000
9.23333333,5.31203605,5.29268026,5.30849276,10.00000000
9.25000000,5.25549114,5.23800824,5.25241829,10.00000000
9.26666667,5.19948180,5.18384482,5.19684738,10.00000000
9.28333333,5.14402587,5.13020720,5.14179748,10.00000000
9.30000000,5.08914153,5.07711314,5.08728661,10.00000000
9.31666667,5.03484714,5.02458100,5.03333343,10.00000000
9.33333333,4.98116108,4.97262972,4.97995723,10.00000000
9.35000000,4.92810156,4.92127883,4.92717791,10.00000000
9.36666667,4.87568635,4.87054848,4.87501605,10.00000000
9.38333333,4.82393253,4.82045944,4.82349288,10.00000000
9.40000000,4.77285633,4.77103310,4.77263028,10.00000000
9.41666667,4.72247314,4.72229146,4.72245084,10.00000000
9.43333333,6.44729510,6.44729510,6.44729510,10.00000000
9.45000000,10.50874197,10.50874197,10.50874197,10.00000000
9.46666667,15.13952436,15.13952436,15.13952436,10.00000000
9.48333333,19.94698559,19.94698559,19.94698559,10.00000000
9.50000000,24.82870852,24.82870852,24.82870852,10.00000000
9.51666667,29.74815617,29.74815617,29.74815617,10.00000000
9.53333333,34.68928250,34.68928250,34.68928250,10.00000000
9.55000000,39.64398242,39.64398242,39.64398242,10.00000000
9.56666667,44.60773318,44.60773318,44.60773318,10.00000000
9.58333333,49.57781635,49.57781635,49.57781635,10.00000000
9.60000000,54.55250117,54.55250117,54.55250117,10.00000000
9.61666667,59.53063405,59.53063405,59.53063405,10.00000000
9.63333333,64.51141677,64.51141677,64.51141677,10.00000000
9.65000000,69.49427957,69.49427957,69.49427957,10.00000000
9.66666667,74.47880496,74.47880496,74.47880496,10.00000000
9.68333333,79.46468007,79.46468007,79.46468007,10.00000000
9.70000000,84.45166586,84.45166586,84.45166586,10.00000000
9.71666667,89.43957654,89.43957654,89.43957654,10.00000000
9.73333333,94.42826553,94.42826553,94.42826553,10.00000000
9.75000000,99.41761569,99.41761569,99.41761569,10.00000000
9.76666667,104.40753221,104.40753221,104.40753221,10.00000000
9.78333333,109.39793760,109.39793760,109.39793760,10.00000000
9.80000000,114.38876788,114.38876788,114.38876788,10.00000000
9.81666667,119.37996975,119.37996975,119.37996975,10.00000000
9.83333333,124.37149849,124.37149849,124.37149849,10.00000000
9.85000000,129.36331625,129.36331625,129.36331625,10.00000000
9.86666667,134.35539082,134.35539082,134.35539082,10.00000000
9.88333333,139.34769460,139.34769460,139.34769460,10.00000000
9.90000000,144.34020380,144.34020380,144.34020380,10.00000000
9.91666667,149.33289782,149.33289782,149.33289782,10.00000000
9.93333333,154.32575873,154.32575873,154.32575873,10.00000000
9.95000000,159.31877083,159.31877083,159.31877083,10.00000000
9.96666667,164.31192035,164.31192035,164.31192035,10.00000000
9.98333333,169.30519512,169.30519512,169.30519512,10.00000000
10.00000000,174.29858437,174.29858437,174.29858437,10.00000000
10.01666667,179.29207855,179.29207855,179.29207855,10.00000000
10.03333333,184.28566912,184.28566912,184.28566912,10.00000000
10.05000000,189.27934846,189.27934846,189.27934846,10.00000000
10.06666667,194.27310972,194.27310972,194.27310972,10.00000000
10.08333333,199.26694674,199.26694674,199.26694674,10.00000000
10.10000000,204.26085396,204.26085396,204.26085396,10.00000000
10.11666667,209.25482636,209.25482636,209.25482636,10.00000000
10.13333333,214.24885939,214.24885939,214.24885939,10.00000000
10.15000000,219.24294888,219.24294888,219.24294888,10.00000000
10.16666667,224.23709109,224.23709109,224.23709109,10.00000000
10.18333333,229.23128255,229.23128255,229.23128255,10.00000000
10.20000000,234.22552012,234.22552012,234.22552012,10.00000000
10.21666667,239.21980091,239.21980091,239.21980091,10.00000000
10.23333333,244.21412227,244.21412227,244.21412227,10.00000000
10.25000000,249.20848176,249.20848176,249.20848176,10.00000000
10.26666667,254.20287714,254.20287714,254.20287714,10.00000000
10.28333333,259.19730632,259.19730632,259.19730632,10.00000000
10.30000000,264.19176739,264.19176739,264.19176739,10.00000000
10.31666667,269.18625858,269.18625858,269.18625858,10.00000000
10.33333333,274.18077823,274.18077823,274.18077823,10.00000000
10.35000000,279.17532483,279.17532483,279.17532483,10.00000000
10.36666667,284.16989695,284.16989695,284.16989695,10.00000000
10.38333333,289.16449327,289.16449327,289.16449327,10.00000000
10.40000000,294.15911256,294.15911256,294.15911256,10.00000000
10.41666667,299.15375366,299.15375366,299.15375366,10.00000000
10.43333333,304.14841550,304.14841550,304.14841550,10.00000000
10.45000000,309.14309708,309.14309708,309.14309708,10.00000000
10.46666667,314.13779746,314.13779746,314.13779746,10.00000000
10.48333333,319.13251574,319.13251574,319.13251574,10.00000000
10.50000000,324.12725111,324.12725111,324.12725111,10.00000000
10.51666667,329.12200279,329.12200279,329.12200279,10.00000000
10.53333333,334.11677004,334.11677004,334.11677004,10.00000000
10.55000000,339.11155218,339.11155218,339.11155218,10.00000000
10.56666667,344.10634855,344.10634855,344.10634855,10.00000000
10.58333333,349.10115856,349.10115856,349.10115856,10.00000000
10.60000000,354.09598161,354.09598161,354.09598161,10.00000000
10.61666667,359.09081717,359.09081717,359.09081717,10.00000000
10.63333333,364.08566472,364.08566472,364.08566472,10.00000000
10.65000000,369.08052378,369.08052378,369.08052378,10.00000000
10.66666667,374.07539388,374.07539388,374.07539388,10.00000000
10.68333333,379.07027458,379.07027458,379.07027458,10.00000000
10.70000000,384.06516548,384.06516548,384.06516548,10.00000000
10.71666667,389.06006618,389.06006618,389.06006618,10.00000000
10.73333333,394.05497631,394.05497631,394.05497631,10.00000000
10.75000000,399.04989551,399.04989551,399.04989551,10.00000000
10.76666667,404.04482345,404.04482345,404.04482345,10.00000000
10.78333333,409.03975981,409.03975981,409.03975981,10.00000000
10.80000000,414.03470428,414.03470428,414.03470428,10.00000000
10.81666667,419.02965657,419.02965657,419.02965657,10.00000000
10.83333333,424.02461641,424.02461641,424.02461641,10.00000000
10.85000000,429.01958353,429.01958353,429.01958353,10.00000000
10.86666667,434.01455768,434.01455768,434.01455768,10.00000000
10.88333333,439.00953863,439.00953863,439.00953863,10.00000000
10.90000000,444.00452613,444.00452613,444.00452613,10.00000000
10.91666667,448.99951998,448.99951998,448.99951998,10.00000000
10.93333333,453.99451996,453.99451996,453.99451996,10.00000000
10.95000000,458.98952587,458.98952587,458.98952587,10.00000000
10.96666667,463.98453753,463.98453753,463.98453753,10.00000000
10.98333333,468.97955475,468.97955475,468.97955475,10.00000000
11.00000000,473.97457734,473.97457734,473.97457734,10.00000000
11.01666667,478.96960515,478.96960515,478.96960515,10.00000000
11.03333333,483.96463802,483.96463802,483.96463802,10.00000000
11.05000000,488.95967578,488.95967578,488.95967578,10.00000000
11.06666667,493.95471829,493.95471829,493.95471829,10.00000000
11.08333333,498.94976541,498.94976541,498.94976541,10.00000000
11.10000000,503.94481699,503.94481699,503.94481699,10.00000000
11.11666667,508.93987292,508.93987292,508.93987292,10.00000000
11.13333333,513.93493306,513.93493306,513.93493306,10.00000000
11.15000000,518.92999728,518.92999728,518.92999728,10.00000000
11.16666667,523.92506548,523.92506548,523.92506548,10.00000000
11.18333333,528.92013754,528.92013754,528.92013754,10.00000000
11.20000000,533.91521335,533.91521335,533.91521335,10.00000000
11.21666667,538.91029281,538.91029281,538.91029281,10.00000000
11.23333333,543.90537582,543.90537582,543.90537582,10.00000000
11.25000000,548.90046228,548.90046228,548.90046228,10.00000000
11.26666667,553.89555209,553.89555209,553.89555209,10.00000000
11.28333333,558.89064517,558.89064517,558.89064517,10.00000000
11.30000000,563.88574143,563.88574143,563.88574143,10.00000000
11.31666667,568.88084079,568.88084079,568.88084079,10.00000000
11.33333333,573.87594316,573.87594316,573.87594316,10.00000000
11.35000000,578.87104848,578.87104848,578.87104848,10.00000000
11.36666667,583.86615665,583.86615665,583.86615665,10.00000000
11.38333333,588.86126761,588.86126761,588.86126761,10.00000000
11.40000000,593.85638129,593.85638129,593.85638129,10.00000000
11.41666667,598.85149762,598.85149762,598.85149762,10.00000000
11.43333333,603.84661654,603.84661654,603.84661654,10.00000000
11.45000000,608.84173798,608.84173798,608.84173798,10.00000000
11.46666667,613.83686188,613.83686188,613.83686188,10.00000000
11.48333333,618.83198817,618.83198817,618.83198817,10.00000000
11.50000000,623.82711681,623.82711681,623.82711681,10.00000000
11.51666667,628.82224774,628.82224774,628.82224774,10.00000000
11.53333333,633.81738090,633.81738090,633.81738090,10.00000000
11.55000000,638.81251624,638.81251624,638.81251624,10.00000000
11.56666667,643.80765371,643.80765371,643.80765371,10.00000000
11.58333333,648.80279327,648.80279327,648.80279327,10.00000000
11.60000000,653.79793485,653.79793485,653.79793485,10.00000000
11.61666667,658.79307842,658.79307842,658.79307842,10.00000000
11.63333333,663.78822393,663.78822393,663.78822393,10.00000000
11.65000000,668.78337134,668.78337134,668.78337134,10.00000000
11.66666667,673.77852061,673.77852061,673.77852061,10.00000000
11.68333333,678.77367169,678.77367169,678.77367169,10.00000000
11.70000000,683.76882454,683.76882454,683.76882454,10.00000000
11.71666667,688.76397914,688.76397914,688.76397914,10.00000000
11.73333333,693.75913543,693.75913543,693.75913543,10.00000000
11.75000000,698.75429338,698.75429338,698.75429338,10.00000000
11.76666667,703.74945296,703.74945296,703.74945296,10.00000000
11.78333333,708.74461414,708.74461414,708.74461414,10.00000000
11.80000000,713.73977687,713.73977687,713.73977687,10.00000000
11.81666667,718.73494113,718.73494113,718.73494113,10.00000000
11.83333333,723.73010689,723.73010689,723.73010689,10.00000000
11.85000000,728.72527411,728.72527411,728.72527411,10.00000000
11.86666667,733.72044276,733.72044276,733.72044276,10.00000000
11.88333333,738.71561282,738.71561282,738.71561282,10.00000000
11.90000000,743.71078426,743.71078426,743.71078426,10.00000000
11.91666667,748.70595705,748.70595705,748.70595705,10.00000000
11.93333333,753.70113116,753.70113116,753.70113116,10.00000000
11.95000000,758.69630657,758.69630657,758.69630657,10.00000000
11.96666667,763.69148324,763.69148324,763.69148324,10.00000000
11.98333333,768.68666117,768.68666117,768.68666117,10.00000000
12.00000000,773.68184031,773.68184031,773.68184031,10.00000000
12.01666667,778.67702066,778.67702066,778.67702066,10.00000000
12.03333333,783.67220218,783.67220218,783.67220218,10.00000000
12.05000000,788.66738485,788.66738485,788.66738485,10.00000000
12.06666667,793.66256866,793.66256866,793.66256866,10.00000000
12.08333333,798.65775358,798.65775358,798.65775358,10.00000000
12.10000000,803.65293958,803.65293958,803.65293958,10.00000000
12.11666667,808.64812666,808.64812666,808.64812666,10.00000000
12.13333333,813.64331479,813.64331479,813.64331479,10.00000000
12.15000000,818.63850394,818.63850394,818.63850394,10.00000000
12.16666667,823.63369411,823.63369411,823.63369411,10.00000000
12.18333333,828.62888527,828.62888527,828.62888527,10.00000000
12.20000000,833.62407741,833.62407741,833.62407741,10.00000000
12.21666667,838.61927051,838.61927051,838.61927051,10.00000000
12.23333333,843.61446454,843.61446454,843.61446454,10.00000000
12.25000000,848.60965951,848.60965951,848.60965951,10.00000000
12.26666667,853.60485538,853.60485538,853.60485538,10.00000000
12.28333333,858.60005214,858.60005214,858.60005214,10.00000000
12.30000000,863.59524978,863.59524978,863.59524978,10.00000000
12.31666667,868.59044828,868.59044828,868.59044828,10.00000000
12.33333333,873.58564763,873.58564763,873.58564763,10.00000000
12.35000000,878.58084781,878.58084781,878.58084781,10.00000000
12.36666667,883.57604881,883.57604881,883.57604881,10.00000000
12.38333333,888.57125062,888.57125062,888.57125062,10.00000000
12.40000000,893.56645321,893.56645321,893.56645321,10.00000000
12.41666667,898.56165659,898.56165659,898.56165659,10.00000000
12.43333333,903.55686073,903.55686073,903.55686073,10.00000000
12.45000000,908.55206562,908.55206562,908.55206562,10.00000000
12.46666667,913.54727125,913.54727125,913.54727125,10.00000000
12.48333333,918.54247761,918.54247761,918.54247761,10.00000000
12.50000000,923.53768469,923.53768469,923.53768469,10.00000000
12.51666667,928.53289247,928.53289247,928.53289247,10.00000000
12.53333333,933.52810095,933.52810095,933.52810095,10.00000000
12.55000000,938.52331011,938.52331011,938.52331011,10.00000000
12.56666667,943.51851993,943.51851993,943.51851993,10.00000000
12.58333333,948.51373042,948.51373042,948.51373042,10.00000000
12.60000000,953.50894156,953.50894156,953.50894156,10.00000000
12.61666667,958.50415335,958.50415335,958.50415335,10.00000000
12.63333333,963.49936576,963.49936576,963.49936576,10.00000000
12.65000000,968.49457879,968.49457879,968.49457879,10.00000000
12.66666667,973.48979243,973.48979243,973.48979243,10.00000000
12.68333333,978.48500668,978.48500668,978.48500668,10.00000000
12.70000000,983.48022151,983.48022151,983.48022151,10.00000000
12.71666667,988.47543694,988.47543694,988.47543694,10.00000000
12.73333333,993.47065293,993.47065293,993.47065293,10.00000000
12.75000000,998.46586949,998.46586949,998.46586949,10.00000000
12.76666667,1003.46108661,1003.46108661,1003.46108661,10.00000000
12.78333333,1008.45630428,1008.45630428,1008.45630428,10.00000000
12.80000000,1013.45152249,1013.45152249,1013.45152249,10.00000000
12.81666667,1018.44674124,1018.44674124,1018.44674124,10.00000000
12.83333333,1023.44196051,1023.44196051,1023.44196051,10.00000000
12.85000000,1028.43718029,1028.43718029,1028.43718029,10.00000000
12.86666667,1033.43240059,1033.43240059,1033.43240059,10.00000000
12.88333333,1038.42762139,1038.42762139,1038.42762139,10.00000000
12.90000000,1043.42284269,1043.42284269,1043.42284269,10.00000000
12.91666667,1048.41806447,1048.41806447,1048.41806447,10.00000000
12.93333333,1053.41328674,1053.41328674,1053.41328674,10.00000000
12.95000000,1058.40850948,1058.40850948,1058.40850948,10.00000000
12.96666667,1063.40373269,1063.40373269,1063.40373269,10.00000000
12.98333333,1068.39895636,1068.39895636,1068.39895636,10.00000000
13.00000000,1073.39418049,1073.39418049,1073.39418049,10.00000000
13.01666667,1078.38940506,1078.38940506,1078.38940506,10.00000000
13.03333333,1083.38463008,1083.38463008,1083.38463008,10.00000000
13.05000000,1088.37985554,1088.37985554,1088.37985554,10.00000000
13.06666667,1093.37508142,1093.37508142,1093.37508142,10.00000000
13.08333333,1098.37030773,1098.37030773,1098.37030773,10.00000000
13.10000000,1103.36553446,1103.36553446,1103.36553446,10.00000000
13.11666667,1108.36076160,1108.36076160,1108.36076160,10.00000000
13.13333333,1113.35598915,1113.35598915,1113.35598915,10.00000000
13.15000000,1118.35121711,1118.35121711,1118.35121711,10.00000000
13.16666667,1123.34644546,1123.34644546,1123.34644546,10.00000000
13.18333333,1128.34167420,1128.34167420,1128.34167420,10.00000000
13.20000000,1133.33690332,1133.33690332,1133.33690332,10.00000000
13.21666667,1138.33213283,1138.33213283,1138.33213283,10.00000000
13.23333333,1143.32736272,1143.32736272,1143.32736272,10.00000000
13.25000000,1148.32259297,1148.32259297,1148.32259297,10.00000000
13.26666667,1153.31782360,1153.31782360,1153.31782360,10.00000000
13.28333333,1158.31305458,1158.31305458,1158.31305458,10.00000000
13.30000000,1163.30828592,1163.30828592,1163.30828592,10.00000000
13.31666667,1168.30351762,1168.30351762,1168.30351762,10.00000000
13.33333333,1173.29874966,1173.29874966,1173.29874966,10.00000000
13.35000000,1178.29398205,1178.29398205,1178.29398205,10.00000000
13.36666667,1183.28921477,1183.28921477,1183.28921477,10.00000000
13.38333333,1188.28444784,1188.28444784,1188.28444784,10.00000000
13.40000000,1193.27968123,1193.27968123,1193.27968123,10.00000000
13.41666667,1198.27491495,1198.27491495,1198.27491495,10.00000000
13.43333333,1203.27014899,1203.27014899,1203.27014899,10.00000000
13.45000000,1208.26538335,1208.26538335,1208.26538335,10.00000000
13.46666667,1213.26061802,1213.26061802,1213.26061802,10.00000000
13.48333333,1218.25585301,1218.25585301,1218.25585301,10.00000000
13.50000000,1223.25108830,1223.25108830,1223.25108830,10.00000000
13.51666667,1228.24632390,1228.24632390,1228.24632390,10.00000000
13.53333333,1233.24155979,1233.24155979,1233.24155979,10.00000000
13.55000000,1238.23679598,1238.23679598,1238.23679598,10.00000000
13.56666667,1243.23203247,1243.23203247,1243.23203247,10.00000000
13.58333333,1248.22726924,1248.22726924,1248.22726924,10.00000000
13.60000000,1253.22250630,1253.22250630,1253.22250630,10.00000000
13.61666667,1258.21774364,1258.21774364,1258.21774364,10.00000000
13.63333333,1263.21298126,1263.21298126,1263.21298126,10.00000000
13.65000000,1268.20821915,1268.20821915,1268.20821915,10.00000000
13.66666667,1273.20345732,1273.20345732,1273.20345732,10.00000000
13.68333333,1278.19869575,1278.19869575,1278.19869575,10.00000000
13.70000000,1283.19393445,1283.19393445,1283.19393445,10.00000000
13.71666667,1288.18917342,1288.18917342,1288.18917342,10.00000000
13.73333333,1293.18441264,1293.18441264,1293.18441264,10.00000000
13.75000000,1298.17965212,1298.17965212,1298.17965212,10.00000000
13.76666667,1303.17489185,1303.17489185,1303.17489185,10.00000000
13.78333333,1308.17013184,1308.17013184,1308.17013184,10.00000000
13.80000000,1313.16537207,1313.16537207,1313.16537207,10.00000000
13.81666667,1318.16061255,1318.16061255,1318.16061255,10.00000000
13.83333333,1323.15585327,1323.15585327,1323.15585327,10.00000000
13.85000000,1328.15109423,1328.15109423,1328.15109423,10.00000000
13.86666667,1333.14633543,1333.14633543,1333.14633543,10.00000000
13.88333333,1338.14157686,1338.14157686,1338.14157686,10.00000000
13.90000000,1343.13681852,1343.13681852,1343.13681852,10.00000000
13.91666667,1348.13206041,1348.13206041,1348.13206041,10.00000000
13.93333333,1353.12730253,1353.12730253,1353.12730253,10.00000000
13.95000000,1358.12254488,1358.12254488,1358.12254488,10.00000000
13.96666667,1363.11778744,1363.11778744,1363.11778744,10.00000000
13.98333333,1368.11303022,1368.11303022,1368.11303022,10.00000000
14.00000000,1373.10827322,1373.10827322,1373.10827322,10.00000000
14.01666667,1378.10351644,1378.10351644,1378.10351644,10.00000000
14.03333333,1383.09875987,1383.09875987,1383.09875987,10.00000000
14.05000000,1388.09400350,1388.09400350,1388.09400350,10.00000000
14.06666667,1393.08924735,1393.08924735,1393.08924735,10.00000000
14.08333333,1398.08449140,1398.08449140,1398.08449140,10.00000000
14.10000000,1403.07973565,1403.07973565,1403.07973565,10.00000000
14.11666667,1408.07498010,1408.07498010,1408.07498010,10.00000000
14.13333333,1413.07022476,1413.07022476,1413.07022476,10.00000000
14.15000000,1418.06546960,1418.06546960,1418.06546960,10.00000000
14.16666667,1423.06071465,1423.06071465,1423.06071465,10.00000000
14.18333333,1428.05595988,1428.05595988,1428.05595988,10.00000000
14.20000000,1433.05120531,1433.05120531,1433.05120531,10.00000000
14.21666667,1438.04645093,1438.04645093,1438.04645093,10.00000000
14.23333333,1443.04169673,1443.04169673,1443.04169673,10.00000000
14.25000000,1448.03694272,1448.03694272,1448.03694272,10.00000000
14.26666667,1453.03218889,1453.03218889,1453.03218889,10.00000000
14.28333333,1458.02743524,1458.02743524,1458.02743524,10.00000000
14.30000000,1463.02268177,1463.02268177,1463.02268177,10.00000000
14.31666667,1468.01792848,1468.01792848,1468.01792848,10.00000000
14.33333333,1473.01317536,1473.01317536,1473.01317536,10.00000000
14.35000000,1478.00842242,1478.00842242,1478.00842242,10.00000000
14.36666667,1483.00366964,1483.00366964,1483.00366964,10.00000000
14.38333333,1487.99891704,1487.99891704,1487.99891704,10.00000000
14.40000000,1492.99416461,1492.99416461,1492.99416461,10.00000000
14.41666667,1497.98941234,1497.98941234,1497.98941234,10.00000000
14.43333333,1502.98466024,1502.98466024,1502.98466024,10.00000000
14.45000000,1507.97990831,1507.97990831,1507.97990831,10.00000000
14.46666667,1512.97515653,1512.97515653,1512.97515653,10.00000000
14.48333333,1517.97040492,1517.97040492,1517.97040492,10.00000000
14.50000000,1522.96565346,1522.96565346,1522.96565346,10.00000000
14.51666667,1527.96090216,1527.96090216,1527.96090216,10.00000000
14.53333333,1532.95615102,1532.95615102,1532.95615102,10.00000000
14.55000000,1537.95140003,1537.95140003,1537.95140003,10.00000000
14.56666667,1542.94664919,1542.94664919,1542.94664919,10.00000000
14.58333333,1547.94189851,1547.94189851,1547.94189851,10.00000000
14.60000000,1552.93714797,1552.93714797,1552.93714797,10.00000000
14.61666667,1557.93239758,1557.93239758,1557.93239758,10.00000000
14.63333333,1562.92764734,1562.92764734,1562.92764734,10.00000000
14.65000000,1567.92289724,1567.92289724,1567.92289724,10.00000000
14.66666667,1572.91814729,1572.91814729,1572.91814729,10.00000000
14.68333333,1577.91339748,1577.91339748,1577.91339748,10.00000000
14.70000000,1582.90864782,1582.90864782,1582.90864782,10.00000000
14.71666667,1587.90389829,1587.90389829,1587.90389829,10.00000000
14.73333333,1592.89914890,1592.89914890,1592.89914890,10.00000000
14.75000000,1597.89439965,1597.89439965,1597.89439965,10.00000000
14.76666667,1602.88965053,1602.88965053,1602.88965053,10.00000000
14.78333333,1607.88490155,1607.88490155,1607.88490155,10.00000000
14.80000000,1612.88015270,1612.88015270,1612.88015270,10.00000000
14.81666667,1617.87540399,1617.87540399,1617.87540399,10.00000000
14.83333333,1622.87065541,1622.87065541,1622.87065541,10.00000000
14.85000000,1627.86590695,1627.86590695,1627.86590695,10.00000000
14.86666667,1632.86115863,1632.86115863,1632.86115863,10.00000000
14.88333333,1637.85641043,1637.85641043,1637.85641043,10.00000000
14.90000000,1642.85166236,1642.85166236,1642.85166236,10.00000000
14.91666667,1647.84691441,1647.84691441,1647.84691441,10.00000000
14.93333333,1652.84216659,1652.84216659,1652.84216659,10.00000000
14.95000000,1657.83741889,1657.83741889,1657.83741889,10.00000000
14.96666667,1662.83267131,1662.83267131,1662.83267131,10.00000000
14.98333333,1667.82792385,1667.82792385,1667.82792385,10.00000000
15.00000000,1672.82317652,1672.82317652,1672.82317652,10.00000000
15.01666667,1677.81842930,1677.81842930,1677.81842930,10.00000000
15.03333333,1682.81368220,1682.81368220,1682.81368220,10.00000000
15.05000000,1687.80893521,1687.80893521,1687.80893521,10.00000000
15.06666667,1692.80418835,1692.80418835,1692.80418835,10.00000000
15.08333333,1697.79944159,1697.79944159,1697.79944159,10.00000000
15.10000000,1702.79469495,1702.79469495,1702.79469495,10.00000000
15.11666667,1707.78994842,1707.78994842,1707.78994842,10.00000000
15.13333333,1712.78520200,1712.78520200,1712.78520200,10.00000000
15.15000000,1717.78045570,1717.78045570,1717.78045570,10.00000000
15.16666667,1722.77570950,1722.77570950,1722.77570950,10.00000000
15.18333333,1727.77096341,1727.77096341,1727.77096341,10.00000000
15.20000000,1732.76621743,1732.76621743,1732.76621743,10.00000000
15.21666667,1737.76147156,1737.76147156,1737.76147156,10.00000000
15.23333333,1742.75672579,1742.75672579,1742.75672579,10.00000000
15.25000000,1747.75198012,1747.75198012,1747.75198012,10.00000000
15.26666667,1752.74723456,1752.74723456,1752.74723456,10.00000000
15.28333333,1757.74248911,1757.74248911,1757.74248911,10.00000000
15.30000000,1762.73774375,1762.73774375,1762.73774375,10.00000000
15.31666667,1767.73299850,1767.73299850,1767.73299850,10.00000000
15.33333333,1772.72825335,1772.72825335,1772.72825335,10.00000000
15.35000000,1777.72350830,1777.72350830,1777.72350830,10.00000000
15.36666667,1782.71876334,1782.71876334,1782.71876334,10.00000000
15.38333333,1787.71401849,1787.71401849,1787.71401849,10.00000000
15.40000000,1792.70927373,1792.70927373,1792.70927373,10.00000000
15.41666667,1797.70452906,1797.70452906,1797.70452906,10.00000000
15.43333333,1802.69978450,1802.69978450,1802.69978450,10.00000000
15.45000000,1807.69504003,1807.69504003,1807.69504003,10.00000000
15.46666667,1812.69029565,1812.69029565,1812.69029565,10.00000000
15.48333333,1817.68555136,1817.68555136,1817.68555136,10.00000000
15.50000000,1822.68080717,1822.68080717,1822.68080717,10.00000000
15.51666667,1827.67606307,1827.67606307,1827.67606307,10.00000000
15.53333333,1832.67131906,1832.67131906,1832.67131906,10.00000000
15.55000000,1837.66657514,1837.66657514,1837.66657514,10.00000000
15.56666667,1842.66183131,1842.66183131,1842.66183131,10.00000000
15.58333333,1847.65708757,1847.65708757,1847.65708757,10.00000000
15.60000000,1852.65234391,1852.65234391,1852.65234391,10.00000000
15.61666667,1857.64760035,1857.64760035,1857.64760035,10.00000000
15.63333333,1862.64285687,1862.64285687,1862.64285687,10.00000000
15.65000000,1867.63811347,1867.63811347,1867.63811347,10.00000000
15.66666667,1872.63337017,1872.63337017,1872.63337017,10.00000000
15.68333333,1877.62862694,1877.62862694,1877.62862694,10.00000000
15.70000000,1882.62388380,1882.62388380,1882.62388380,10.00000000
15.71666667,1887.61914074,1887.61914074,1887.61914074,10.00000000
15.73333333,1892.61439777,1892.61439777,1892.61439777,10.00000000
15.75000000,1897.60965488,1897.60965488,1897.60965488,10.00000000
15.76666667,1902.60491207,1902.60491207,1902.60491207,10.00000000
15.78333333,1907.60016934,1907.60016934,1907.60016934,10.00000000
15.80000000,1912.59542668,1912.59542668,1912.59542668,10.00000000
15.81666667,1917.59068411,1917.59068411,1917.59068411,10.00000000
15.83333333,1922.58594162,1922.58594162,1922.58594162,10.00000000
15.85000000,1927.58119921,1927.58119921,1927.58119921,10.00000000
15.86666667,1932.57645687,1932.57645687,1932.57645687,10.00000000
15.88333333,1937.57171461,1937.57171461,1937.57171461,10.00000000
15.90000000,1942.56697243,1942.56697243,1942.56697243,10.00000000
15.91666667,1947.56223032,1947.56223032,1947.56223032,10.00000000
15.93333333,1952.55748828,1952.55748828,1952.55748828,10.00000000
15.95000000,1957.55274633,1957.55274633,1957.55274633,10.00000000
15.96666667,1962.54800444,1962.54800444,1962.54800444,10.00000000
15.98333333,1967.54326263,1967.54326263,1967.54326263,10.00000000
16.00000000,1972.53852089,1972.53852089,1972.53852089,10.00000000
16.01666667,1977.53377923,1977.53377923,1977.53377923,10.00000000
16.03333333,1982.52903763,1982.52903763,1982.52903763,10.00000000
16.05000000,1987.52429611,1987.52429611,1987.52429611,10.00000000
16.06666667,1992.51955466,1992.51955466,1992.51955466,10.00000000
16.08333333,1997.51481328,1997.51481328,1997.51481328,10.00000000
16.10000000,2002.51007196,2002.51007196,2002.51007196,10.00000000
16.11666667,2007.50533072,2007.50533072,2007.50533072,10.00000000
16.13333333,2012.50058955,2012.50058955,2012.50058955,10.00000000
16.15000000,2017.49584844,2017.49584844,2017.49584844,10.00000000
16.16666667,2022.49110740,2022.49110740,2022.49110740,10.00000000
16.18333333,2027.48636643,2027.48636643,2027.48636643,10.00000000
16.20000000,2032.48162553,2032.48162553,2032.48162553,10.00000000
16.21666667,2037.47688469,2037.47688469,2037.47688469,10.00000000
16.23333333,2042.47214391,2042.47214391,2042.47214391,10.00000000
16.25000000,2047.46740321,2047.46740321,2047.46740321,10.00000000
16.26666667,2052.46266256,2052.46266256,2052.46266256,10.00000000
16.28333333,2057.45792198,2057.45792198,2057.45792198,10.00000000
16.30000000,2062.45318147,2062.45318147,2062.45318147,10.00000000
16.31666667,2067.44844102,2067.44844102,2067.44844102,10.00000000
16.33333333,2072.44370063,2072.44370063,2072.44370063,10.00000000
16.35000000,2077.43896030,2077.43896030,2077.43896030,10.00000000
16.36666667,2082.43422003,2082.43422003,2082.43422003,10.00000000
16.38333333,2087.42947983,2087.42947983,2087.42947983,10.00000000
16.40000000,2092.42473969,2092.42473969,2092.42473969,10.00000000
16.41666667,2097.41999961,2097.41999961,2097.41999961,10.00000000
16.43333333,2102.41525959,2102.41525959,2102.41525959,10.00000000
16.45000000,2107.41051962,2107.41051962,2107.41051962,10.00000000
16.46666667,2112.40577972,2112.40577972,2112.40577972,10.00000000
16.48333333,2117.40103988,2117.40103988,2117.40103988,10.00000000
16.50000000,2122.39630009,2122.39630009,2122.39630009,10.00000000
16.51666667,2127.39156036,2127.39156036,2127.39156036,10.00000000
16.53333333,2132.38682069,2132.38682069,2132.38682069,10.00000000
16.55000000,2137.38208108,2137.38208108,2137.38208108,10.00000000
16.56666667,2142.37734153,2142.37734153,2142.37734153,10.00000000
16.58333333,2147.37260203,2147.37260203,2147.37260203,10.00000000
16.60000000,2152.36786258,2152.36786258,2152.36786258,10.00000000
16.61666667,2157.36312320,2157.36312320,2157.36312320,10.00000000
16.63333333,2162.35838387,2162.35838387,2162.35838387,10.00000000
16.65000000,2167.35364459,2167.35364459,2167.35364459,10.00000000
16.66666667,2172.34890537,2172.34890537,2172.34890537,10.00000000
16.68333333,2177.34416620,2177.34416620,2177.34416620,10.00000000
16.70000000,2182.33942708,2182.33942708,2182.33942708,10.00000000
16.71666667,2187.33468802,2187.33468802,2187.33468802,10.00000000
16.73333333,2192.32994901,2192.32994901,2192.32994901,10.00000000
16.75000000,2197.32521006,2197.32521006,2197.32521006,10.00000000
16.76666667,2202.32047115,2202.32047115,2202.32047115,10.00000000
16.78333333,2207.31573230,2207.31573230,2207.31573230,10.00000000
16.80000000,2212.31099350,2212.31099350,2212.31099350,10.00000000
16.81666667,2217.30625475,2217.30625475,2217.30625475,10.00000000
16.83333333,2222.30151606,2222.30151606,2222.30151606,10.00000000
16.85000000,2227.29677741,2227.29677741,2227.29677741,10.00000000
16.86666667,2232.29203881,2232.29203881,2232.29203881,10.00000000
16.88333333,2237.28730027,2237.28730027,2237.28730027,10.00000000
16.90000000,2242.28256177,2242.28256177,2242.28256177,10.00000000
16.91666667,2247.27782332,2247.27782332,2247.27782332,10.00000000
16.93333333,2252.27308492,2252.27308492,2252.27308492,10.00000000
16.95000000,2257.26834657,2257.26834657,2257.26834657,10.00000000
16.96666667,2262.26360827,2262.26360827,2262.26360827,10.00000000
16.98333333,2267.25887002,2267.25887002,2267.25887002,10.00000000
17.00000000,2272.25413181,2272.25413181,2272.25413181,10.00000000
17.01666667,2277.24939365,2277.24939365,2277.24939365,10.00000000
17.03333333,2282.24465554,2282.24465554,2282.24465554,10.00000000
17.05000000,2287.23991747,2287.23991747,2287.23991747,10.00000000
17.06666667,2292.23517945,2292.23517945,2292.23517945,10.00000000
17.08333333,2297.23044148,2297.23044148,2297.23044148,10.00000000
17.10000000,2302.22570355,2302.22570355,2302.22570355,10.00000000
17.11666667,2307.22096567,2307.22096567,2307.22096567,10.00000000
17.13333333,2312.21622784,2312.21622784,2312.21622784,10.00000000
17.15000000,2317.21149004,2317.21149004,2317.21149004,10.00000000
17.16666667,2322.20675230,2322.20675230,2322.20675230,10.00000000
17.18333333,2327.20201459,2327.20201459,2327.20201459,10.00000000
17.20000000,2332.19727694,2332.19727694,2332.19727694,10.00000000
17.21666667,2337.19253932,2337.19253932,2337.19253932,10.00000000
17.23333333,2342.18780175,2342.18780175,2342.18780175,10.00000000
17.25000000,2347.18306422,2347.18306422,2347.18306422,10.00000000
17.26666667,2352.17832674,2352.17832674,2352.17832674,10.00000000
17.28333333,2357.17358929,2357.17358929,2357.17358929,10.00000000
17.30000000,2362.16885189,2362.16885189,2362.16885189,10.00000000
17.31666667,2367.16411454,2367.16411454,2367.16411454,10.00000000
17.33333333,2372.15937722,2372.15937722,2372.15937722,10.00000000
17.35000000,2377.15463994,2377.15463994,2377.15463994,10.00000000
17.36666667,2382.14990271,2382.14990271,2382.14990271,10.00000000
17.38333333,2387.14516552,2387.14516552,2387.14516552,10.00000000
17.40000000,2392.14042837,2392.14042837,2392.14042837,10.00000000
17.41666667,2397.13569126,2397.13569126,2397.13569126,10.00000000
17.43333333,2402.13095419,2402.13095419,2402.13095419,10.00000000
17.45000000,2407.12621716,2407.12621716,2407.12621716,10.00000000
17.46666667,2412.12148016,2412.12148016,2412.12148016,10.00000000
17.48333333,2417.11674321,2417.11674321,2417.11674321,10.00000000
17.50000000,2422.11200630,2422.11200630,2422.11200630,10.00000000
17.51666667,2427.10726943,2427.10726943,2427.10726943,10.00000000
17.53333333,2432.10253259,2432.10253259,2432.10253259,10.00000000
17.55000000,2437.09779580,2437.09779580,2437.09779580,10.00000000
17.56666667,2442.09305904,2442.09305904,2442.09305904,10.00000000
17.58333333,2447.08832232,2447.08832232,2447.08832232,10.00000000
17.60000000,2452.08358564,2452.08358564,2452.08358564,10.00000000
17.61666667,2457.07884900,2457.07884900,2457.07884900,10.00000000
17.63333333,2462.07411239,2462.07411239,2462.07411239,10.00000000
17.65000000,2467.06937582,2467.06937582,2467.06937582,10.00000000
17.66666667,2472.06463929,2472.06463929,2472.06463929,10.00000000
17.68333333,2477.05990280,2477.05990280,2477.05990280,10.00000000
17.70000000,2482.05516634,2482.05516634,2482.05516634,10.00000000
17.71666667,2487.05042992,2487.05042992,2487.05042992,10.00000000
17.73333333,2492.04569353,2492.04569353,2492.04569353,10.00000000
17.75000000,2497.04095718,2497.04095718,2497.04095718,10.00000000
17.76666667,2502.03622087,2502.03622087,2502.03622087,10.00000000
17.78333333,2507.03148459,2507.03148459,2507.03148459,10.00000000
17.80000000,2512.02674834,2512.02674834,2512.02674834,10.00000000
17.81666667,2517.02201213,2517.02201213,2517.02201213,10.00000000
17.83333333,2522.01727596,2522.01727596,2522.01727596,10.00000000
17.85000000,2527.01253982,2527.01253982,2527.01253982,10.00000000
17.86666667,2532.00780371,2532.00780371,2532.00780371,10.00000000
17.88333333,2537.00306764,2537.00306764,2537.00306764,10.00000000
17.90000000,2541.99833161,2541.99833161,2541.99833161,10.00000000
17.91666667,2546.99359560,2546.99359560,2546.99359560,10.00000000
17.93333333,2551.98885963,2551.98885963,2551.98885963,10.00000000
17.95000000,2556.98412370,2556.98412370,2556.98412370,10.00000000
17.96666667,2561.97938780,2561.97938780,2561.97938780,10.00000000
17.98333333,2566.97465193,2566.97465193,2566.97465193,10.00000000
18.00000000,2571.96991609,2571.96991609,2571.96991609,10.00000000
18.01666667,2576.96518028,2576.96518028,2576.96518028,10.00000000
18.03333333,2581.96044451,2581.96044451,2581.96044451,10.00000000
18.05000000,2586.95570877,2586.95570877,2586.95570877,10.00000000
18.06666667,2591.95097306,2591.95097306,2591.95097306,10.00000000
18.08333333,2596.94623739,2596.94623739,2596.94623739,10.00000000
18.10000000,2601.94150174,2601.94150174,2601.94150174,10.00000000
18.11666667,2606.93676613,2606.93676613,2606.93676613,10.00000000
18.13333333,2611.93203055,2611.93203055,2611.93203055,10.00000000
18.15000000,2616.92729500,2616.92729500,2616.92729500,10.00000000
18.16666667,2621.92255948,2621.92255948,2621.92255948,10.00000000
18.18333333,2626.91782399,2626.91782399,2626.91782399,10.00000000
18.20000000,2631.91308854,2631.91308854,2631.91308854,10.00000000
18.21666667,2636.90835311,2636.90835311,2636.90835311,10.00000000
18.23333333,2641.90361771,2641.90361771,2641.90361771,10.00000000
18.25000000,2646.89888234,2646.89888234,2646.89888234,10.00000000
18.26666667,2651.89414701,2651.89414701,2651.89414701,10.00000000
18.28333333,2656.88941170,2656.88941170,2656.88941170,10.00000000
18.30000000,2661.88467642,2661.88467642,2661.88467642,10.00000000
18.31666667,2666.87994117,2666.87994117,2666.87994117,10.00000000
18.33333333,2671.87520596,2671.87520596,2671.87520596,10.00000000
18.35000000,2676.87047077,2676.87047077,2676.87047077,10.00000000
18.36666667,2681.86573560,2681.86573560,2681.86573560,10.00000000
18.38333333,2686.86100047,2686.86100047,2686.86100047,10.00000000
18.40000000,2691.85626537,2691.85626537,2691.85626537,10.00000000
18.41666667,2696.85153029,2696.85153029,2696.85153029,10.00000000
18.43333333,2701.84679525,2701.84679525,2701.84679525,10.00000000
18.45000000,2706.84206023,2706.84206023,2706.84206023,10.00000000
18.46666667,2711.83732524,2711.83732524,2711.83732524,10.00000000
18.48333333,2716.83259028,2716.83259028,2716.83259028,10.00000000
18.50000000,2721.82785534,2721.82785534,2721.82785534,10.00000000
18.51666667,2726.82312043,2726.82312043,2726.82312043,10.00000000
18.53333333,2731.81838555,2731.81838555,2731.81838555,10.00000000
18.55000000,2736.81365070,2736.81365070,2736.81365070,10.00000000
18.56666667,2741.80891587,2741.80891587,2741.80891587,10.00000000
18.58333333,2746.80418108,2746.80418108,2746.80418108,10.00000000
18.60000000,2751.79944630,2751.79944630,2751.79944630,10.00000000
18.61666667,2756.79471156,2756.79471156,2756.79471156,10.00000000
18.63333333,2761.78997684,2761.78997684,2761.78997684,10.00000000
18.65000000,2766.78524215,2766.78524215,2766.78524215,10.00000000
18.66666667,2771.78050748,2771.78050748,2771.78050748,10.00000000
18.68333333,2776.77577284,2776.77577284,2776.77577284,10.00000000
18.70000000,2781.77103823,2781.77103823,2781.77103823,10.00000000
18.71666667,2786.76630364,2786.76630364,2786.76630364,10.00000000
18.73333333,2791.76156907,2791.76156907,2791.76156907,10.00000000
18.75000000,2796.75683454,2796.75683454,2796.75683454,10.00000000
18.76666667,2801.75210002,2801.75210002,2801.75210002,10.00000000
18.78333333,2806.74736554,2806.74736554,2806.74736554,10.00000000
18.80000000,2811.74263108,2811.74263108,2811.74263108,10.00000000
18.81666667,2816.73789664,2816.73789664,2816.73789664,10.00000000
18.83333333,2821.73316223,2821.73316223,2821.73316223,10.00000000
18.85000000,2826.72842784,2826.72842784,2826.72842784,10.00000000
18.86666667,2831.72369348,2831.72369348,2831.72369348,10.00000000
18.88333333,2836.71895914,2836.71895914,2836.71895914,10.00000000
18.90000000,2841.71422483,2841.71422483,2841.71422483,10.00000000
18.91666667,2846.70949054,2846.70949054,2846.70949054,10.00000000
18.93333333,2851.70475627,2851.70475627,2851.70475627,10.00000000
18.95000000,2856.70002203,2856.70002203,2856.70002203,10.00000000
18.96666667,2861.69528781,2861.69528781,2861.69528781,10.00000000
18.98333333,2866.69055362,2866.69055362,2866.69055362,10.00000000
19.00000000,2871.68581945,2871.68581945,2871.68581945,10.00000000
19.01666667,2876.68108530,2876.68108530,2876.68108530,10.00000000
19.03333333,2881.67635118,2881.67635118,2881.67635118,10.00000000
19.05000000,2886.67161707,2886.67161707,2886.67161707,10.00000000
19.06666667,2891.66688300,2891.66688300,2891.66688300,10.00000000
19.08333333,2896.66214894,2896.66214894,2896.66214894,10.00000000
19.10000000,2901.65741491,2901.65741491,2901.65741491,10.00000000
19.11666667,2906.65268090,2906.65268090,2906.65268090,10.00000000
19.13333333,2911.64794692,2911.64794692,2911.64794692,10.00000000
19.15000000,2916.64321295,2916.64321295,2916.64321295,10.00000000
19.16666667,2921.63847901,2921.63847901,2921.63847901,10.00000000
19.18333333,2926.63374509,2926.63374509,2926.63374509,10.00000000
19.20000000,2931.62901119,2931.62901119,2931.62901119,10.00000000
19.21666667,2936.62427732,2936.62427732,2936.62427732,10.00000000
19.23333333,2941.61954346,2941.61954346,2941.61954346,10.00000000
19.25000000,2946.61480963,2946.61480963,2946.61480963,10.00000000
19.26666667,2951.61007582,2951.61007582,2951.61007582,10.00000000
19.28333333,2956.60534204,2956.60534204,2956.60534204,10.00000000
19.30000000,2961.60060827,2961.60060827,2961.60060827,10.00000000
19.31666667,2966.59587452,2966.59587452,2966.59587452,10.00000000
19.33333333,2971.59114080,2971.59114080,2971.59114080,10.00000000
19.35000000,2976.58640710,2976.58640710,2976.58640710,10.00000000
19.36666667,2981.58167342,2981.58167342,2981.58167342,10.00000000
19.38333333,2986.57693975,2986.57693975,2986.57693975,10.00000000
19.40000000,2991.57220611,2991.57220611,2991.57220611,10.00000000
19.41666667,2996.56747250,2996.56747250,2996.56747250,10.00000000
19.43333333,3001.56273890,3001.56273890,3001.56273890,10.00000000
19.45000000,3006.55800532,3006.55800532,3006.55800532,10.00000000
19.46666667,3011.55327176,3011.55327176,3011.55327176,10.00000000
19.48333333,3016.54853822,3016.54853822,3016.54853822,10.00000000
19.50000000,3021.54380471,3021.54380471,3021.54380471,10.00000000
19.51666667,3026.53907121,3026.53907121,3026.53907121,10.00000000
19.53333333,3031.53433773,3031.53433773,3031.53433773,10.00000000
19.55000000,3036.52960428,3036.52960428,3036.52960428,10.00000000
19.56666667,3041.52487084,3041.52487084,3041.52487084,10.00000000
19.58333333,3046.52013742,3046.52013742,3046.52013742,10.00000000
19.60000000,3051.51540402,3051.51540402,3051.51540402,10.00000000
19.61666667,3056.51067064,3056.51067064,3056.51067064,10.00000000
19.63333333,3061.50593729,3061.50593729,3061.50593729,10.00000000
19.65000000,3066.50120395,3066.50120395,3066.50120395,10.00000000
19.66666667,3071.49647063,3071.49647063,3071.49647063,10.00000000
19.68333333,3076.49173732,3076.49173732,3076.49173732,10.00000000
19.70000000,3081.48700404,3081.48700404,3081.48700404,10.00000000
19.71666667,3086.48227078,3086.48227078,3086.48227078,10.00000000
19.73333333,3091.47753754,3091.47753754,3091.47753754,10.00000000
19.75000000,3096.47280431,3096.47280431,3096.47280431,10.00000000
19.76666667,3101.46807110,3101.46807110,3101.46807110,10.00000000
19.78333333,3106.46333791,3106.46333791,3106.46333791,10.00000000
19.80000000,3111.45860475,3111.45860475,3111.45860475,10.00000000
19.81666667,3116.45387159,3116.45387159,3116.45387159,10.00000000
19.83333333,3121.44913846,3121.44913846,3121.44913846,10.00000000
19.85000000,3126.44440535,3126.44440535,3126.44440535,10.00000000
19.86666667,3131.43967225,3131.43967225,3131.43967225,10.00000000
19.88333333,3136.43493917,3136.43493917,3136.43493917,10.00000000
19.90000000,3141.43020611,3141.43020611,3141.43020611,10.00000000
19.91666667,3146.42547307,3146.42547307,3146.42547307,10.00000000
19.93333333,3151.42074004,3151.42074004,3151.42074004,10.00000000
19.95000000,3156.41600704,3156.41600704,3156.41600704,10.00000000
19.96666667,3161.41127405,3161.41127405,3161.41127405,10.00000000
19.98333333,3166.40654108,3166.40654108,3166.40654108,10.00000000
20.00000000,3171.40180812,3171.40180812,3171.40180812,10.00000000
20.01666667,3176.39707519,3176.39707519,3176.39707519,10.00000000
20.03333333,3181.39234227,3181.39234227,3181.39234227,10.00000000
20.05000000,3186.38760936,3186.38760936,3186.38760936,10.00000000
20.06666667,3191.38287648,3191.38287648,3191.38287648,10.00000000
20.08333333,3196.37814361,3196.37814361,3196.37814361,10.00000000
20.10000000,3201.37341076,3201.37341076,3201.37341076,10.00000000
20.11666667,3206.36867793,3206.36867793,3206.36867793,10.00000000
20.13333333,3211.36394511,3211.36394511,3211.36394511,10.00000000
20.15000000,3216.35921231,3216.35921231,3216.35921231,10.00000000
20.16666667,3221.35447952,3221.35447952,3221.35447952,10.00000000
20.18333333,3226.34974676,3226.34974676,3226.34974676,10.00000000
20.20000000,3231.34501401,3231.34501401,3231.34501401,10.00000000
20.21666667,3236.34028127,3236.34028127,3236.34028127,10.00000000
20.23333333,3241.33554856,3241.33554856,3241.33554856,10.00000000
20.25000000,3246.33081585,3246.33081585,3246.33081585,10.00000000
20.26666667,3251.32608317,3251.32608317,3251.32608317,10.00000000
20.28333333,3256.32135050,3256.32135050,3256.32135050,10.00000000
20.30000000,3261.31661785,3261.31661785,3261.31661785,10.00000000
20.31666667,3266.31188521,3266.31188521,3266.31188521,10.00000000
20.33333333,3271.30715259,3271.30715259,3271.30715259,10.00000000
20.35000000,3276.30241998,3276.30241998,3276.30241998,10.00000000
20.36666667,3281.29768739,3281.29768739,3281.29768739,10.00000000
20.38333333,3286.29295482,3286.29295482,3286.29295482,10.00000000
20.40000000,3291.28822226,3291.28822226,3291.28822226,10.00000000
20.41666667,3296.28348972,3296.28348972,3296.28348972,10.00000000
20.43333333,3301.27875719,3301.27875719,3301.27875719,10.00000000
20.45000000,3306.27402468,3306.27402468,3306.27402468,10.00000000
20.46666667,3311.26929218,3311.26929218,3311.26929218,10.00000000
20.48333333,3316.26455970,3316.26455970,3316.26455970,10.00000000
20.50000000,3321.25982724,3321.25982724,3321.25982724,10.00000000
20.51666667,3326.25509479,3326.25509479,3326.25509479,10.00000000
20.53333333,3331.25036235,3331.25036235,3331.25036235,10.00000000
20.55000000,3336.24562993,3336.24562993,3336.24562993,10.00000000
20.56666667,3341.24089753,3341.24089753,3341.24089753,10.00000000
20.58333333,3346.23616513,3346.23616513,3346.23616513,10.00000000
20.60000000,3351.23143276,3351.23143276,3351.23143276,10.00000000
20.61666667,3356.22670040,3356.22670040,3356.22670040,10.00000000
20.63333333,3361.22196805,3361.22196805,3361.22196805,10.00000000
20.65000000,3366.21723572,3366.21723572,3366.21723572,10.00000000
20.66666667,3371.21250340,3371.21250340,3371.21250340,10.00000000
20.68333333,3376.20777110,3376.20777110,3376.20777110,10.00000000
20.70000000,3381.20303881,3381.20303881,3381.20303881,10.00000000
20.71666667,3386.19830654,3386.19830654,3386.19830654,10.00000000
20.73333333,3391.19357428,3391.19357428,3391.19357428,10.00000000
20.75000000,3396.18884203,3396.18884203,3396.18884203,10.00000000
20.76666667,3401.18410980,3401.18410980,3401.18410980,10.00000000
20.78333333,3406.17937758,3406.17937758,3406.17937758,10.00000000
20.80000000,3411.17464538,3411.17464538,3411.17464538,10.00000000
20.81666667,3416.16991319,3416.16991319,3416.16991319,10.00000000
20.83333333,3421.16518102,3421.16518102,3421.16518102,10.00000000
20.85000000,3426.16044886,3426.16044886,3426.16044886,10.00000000
20.86666667,3431.15571671,3431.15571671,3431.15571671,10.00000000
20.88333333,3436.15098457,3436.15098457,3436.15098457,10.00000000
20.90000000,3441.14625245,3441.14625245,3441.14625245,10.00000000
20.91666667,3446.14152035,3446.14152035,3446.14152035,10.00000000
20.93333333,3451.13678825,3451.13678825,3451.13678825,10.00000000
20.95000000,3456.13205618,3456.13205618,3456.13205618,10.00000000
20.96666667,3461.12732411,3461.12732411,3461.12732411,10.00000000
20.98333333,3466.12259206,3466.12259206,3466.12259206,10.00000000
21.00000000,3471.11786002,3471.11786002,3471.11786002,10.00000000
21.01666667,3476.11312799,3476.11312799,3476.11312799,10.00000000
21.03333333,3481.10839598,3481.10839598,3481.10839598,10.00000000
21.05000000,3486.10366398,3486.10366398,3486.10366398,10.00000000
21.06666667,3491.09893199,3491.09893199,3491.09893199,10.00000000
21.08333333,3496.09420002,3496.09420002,3496.09420002,10.00000000
21.10000000,3501.08946806,3501.08946806,3501.08946806,10.00000000
21.11666667,3506.08473611,3506.08473611,3506.08473611,10.00000000
21.13333333,3511.08000418,3511.08000418,3511.08000418,10.00000000
21.15000000,3516.07527226,3516.07527226,3516.07527226,10.00000000
21.16666667,3521.07054035,3521.07054035,3521.07054035,10.00000000
21.18333333,3526.06580845,3526.06580845,3526.06580845,10.00000000
21.20000000,3531.06107657,3531.06107657,3531.06107657,10.00000000
21.21666667,3536.05634470,3536.05634470,3536.05634470,10.00000000
21.23333333,3541.05161284,3541.05161284,3541.05161284,10.00000000
21.25000000,3546.04688099,3546.04688099,3546.04688099,10.00000000
21.26666667,3551.04214916,3551.04214916,3551.04214916,10.00000000
21.28333333,3556.03741734,3556.03741734,3556.03741734,10.00000000
21.30000000,3561.03268553,3561.03268553,3561.03268553,10.00000000
21.31666667,3566.02795373,3566.02795373,3566.02795373,10.00000000
21.33333333,3571.02322195,3571.02322195,3571.02322195,10.00000000
21.35000000,3576.01849017,3576.01849017,3576.01849017,10.00000000
21.36666667,3581.01375841,3581.01375841,3581.01375841,10.00000000
21.38333333,3586.00902667,3586.00902667,3586.00902667,10.00000000
21.40000000,3591.00429493,3591.00429493,3591.00429493,10.00000000
21.41666667,3595.99956321,3595.99956321,3595.99956321,10.00000000
21.43333333,3600.99483150,3600.99483150,3600.99483150,10.00000000
21.45000000,3605.99009980,3605.99009980,3605.99009980,10.00000000
21.46666667,3610.98536811,3610.98536811,3610.98536811,10.00000000
21.48333333,3615.98063643,3615.98063643,3615.98063643,10.00000000
21.50000000,3620.97590477,3620.97590477,3620.97590477,10.00000000
21.51666667,3625.97117311,3625.97117311,3625.97117311,10.00000000
21.53333333,3630.96644147,3630.96644147,3630.96644147,10.00000000
21.55000000,3635.96170984,3635.96170984,3635.96170984,10.00000000
21.56666667,3640.95697822,3640.95697822,3640.95697822,10.00000000
21.58333333,3645.95224662,3645.95224662,3645.95224662,10.00000000
21.60000000,3650.94751502,3650.94751502,3650.94751502,10.00000000
21.61666667,3655.94278344,3655.94278344,3655.94278344,10.00000000
21.63333333,3660.93805187,3660.93805187,3660.93805187,10.00000000
21.65000000,3665.93332031,3665.93332031,3665.93332031,10.00000000
21.66666667,3670.92858876,3670.92858876,3670.92858876,10.00000000
21.68333333,3675.92385722,3675.92385722,3675.92385722,10.00000000
21.70000000,3680.91912569,3680.91912569,3680.91912569,10.00000000
21.71666667,3685.91439417,3685.91439417,3685.91439417,10.00000000
21.73333333,3690.90966267,3690.90966267,3690.90966267,10.00000000
21.75000000,3695.90493117,3695.90493117,3695.90493117,10.00000000
21.76666667,3700.90019969,3700.90019969,3700.90019969,10.00000000
21.78333333,3705.89546822,3705.89546822,3705.89546822,10.00000000
21.80000000,3710.89073676,3710.89073676,3710.89073676,10.00000000
21.81666667,3715.88600531,3715.88600531,3715.88600531,10.00000000
21.83333333,3720.88127387,3720.88127387,3720.88127387,10.00000000
21.85000000,3725.87654244,3725.87654244,3725.87654244,10.00000000
21.86666667,3730.87181102,3730.87181102,3730.87181102,10.00000000
21.88333333,3735.86707961,3735.86707961,3735.86707961,10.00000000
21.90000000,3740.86234822,3740.86234822,3740.86234822,10.00000000
21.91666667,3745.85761683,3745.85761683,3745.85761683,10.00000000
21.93333333,3750.85288545,3750.85288545,3750.85288545,10.00000000
21.95000000,3755.84815409,3755.84815409,3755.84815409,10.00000000
21.96666667,3760.84342273,3760.84342273,3760.84342273,10.00000000
21.98333333,3765.83869139,3765.83869139,3765.83869139,10.00000000
22.00000000,3770.83396006,3770.83396006,3770.83396006,10.00000000
22.01666667,3775.82922873,3775.82922873,3775.82922873,10.00000000
22.03333333,3780.82449742,3780.82449742,3780.82449742,10.00000000
22.05000000,3785.81976612,3785.81976612,3785.81976612,10.00000000
22.06666667,3790.81503482,3790.81503482,3790.81503482,10.00000000
22.08333333,3795.81030354,3795.81030354,3795.81030354,10.00000000
22.10000000,3800.80557227,3800.80557227,3800.80557227,10.00000000
22.11666667,3805.80084101,3805.80084101,3805.80084101,10.00000000
22.13333333,3810.79610976,3810.79610976,3810.79610976,10.00000000
22.15000000,3815.79137851,3815.79137851,3815.79137851,10.00000000
22.16666667,3820.78664728,3820.78664728,3820.78664728,10.00000000
22.18333333,3825.78191606,3825.78191606,3825.78191606,10.00000000
22.20000000,3830.77718485,3830.77718485,3830.77718485,10.00000000
22.21666667,3835.77245364,3835.77245364,3835.77245364,10.00000000
22.23333333,3840.76772245,3840.76772245,3840.76772245,10.00000000
22.25000000,3845.76299127,3845.76299127,3845.76299127,10.00000000
22.26666667,3850.75826010,3850.75826010,3850.75826010,10.00000000
22.28333333,3855.75352893,3855.75352893,3855.75352893,10.00000000
22.30000000,3860.74879778,3860.74879778,3860.74879778,10.00000000
22.31666667,3865.74406664,3865.74406664,3865.74406664,10.00000000
22.33333333,3870.73933550,3870.73933550,3870.73933550,10.00000000
22.35000000,3875.73460438,3875.73460438,3875.73460438,10.00000000
22.36666667,3880.72987326,3880.72987326,3880.72987326,10.00000000
22.38333333,3885.72514216,3885.72514216,3885.72514216,10.00000000
22.40000000,3890.72041106,3890.72041106,3890.72041106,10.00000000
22.41666667,3895.71567997,3895.71567997,3895.71567997,10.00000000
22.43333333,3900.71094890,3900.71094890,3900.71094890,10.00000000
22.45000000,3905.70621783,3905.70621783,3905.70621783,10.00000000
22.46666667,3910.70148677,3910.70148677,3910.70148677,10.00000000
22.48333333,3915.69675572,3915.69675572,3915.69675572,10.00000000
22.50000000,3920.69202468,3920.69202468,3920.69202468,10.00000000
22.51666667,3925.68729365,3925.68729365,3925.68729365,10.00000000
22.53333333,3930.68256263,3930.68256263,3930.68256263,10.00000000
22.55000000,3935.67783161,3935.67783161,3935.67783161,10.00000000
22.56666667,3940.67310061,3940.67310061,3940.67310061,10.00000000
22.58333333,3945.66836962,3945.66836962,3945.66836962,10.00000000
22.60000000,3950.66363863,3950.66363863,3950.66363863,10.00000000
22.61666667,3955.65890765,3955.65890765,3955.65890765,10.00000000
22.63333333,3960.65417669,3960.65417669,3960.65417669,10.00000000
22.65000000,3965.64944573,3965.64944573,3965.64944573,10.00000000
22.66666667,3970.64471478,3970.64471478,3970.64471478,10.00000000
22.68333333,3975.63998384,3975.63998384,3975.63998384,10.00000000
22.70000000,3980.63525291,3980.63525291,3980.63525291,10.00000000
22.71666667,3985.63052198,3985.63052198,3985.63052198,10.00000000
22.73333333,3990.62579107,3990.62579107,3990.62579107,10.00000000
22.75000000,3995.62106016,3995.62106016,3995.62106016,10.00000000
22.76666667,4000.61632927,4000.61632927,4000.61632927,10.00000000
22.78333333,4005.61159838,4005.61159838,4005.61159838,10.00000000
22.80000000,4010.60686750,4010.60686750,4010.60686750,10.00000000
22.81666667,4015.60213663,4015.60213663,4015.60213663,10.00000000
22.83333333,4020.59740576,4020.59740576,4020.59740576,10.00000000
22.85000000,4025.59267491,4025.59267491,4025.59267491,10.00000000
22.86666667,4030.58794406,4030.58794406,4030.58794406,10.00000000
22.88333333,4035.58321323,4035.58321323,4035.58321323,10.00000000
22.90000000,4040.57848240,4040.57848240,4040.57848240,10.00000000
22.91666667,4045.57375158,4045.57375158,4045.57375158,10.00000000
22.93333333,4050.56902077,4050.56902077,4050.56902077,10.00000000
22.95000000,4055.56428996,4055.56428996,4055.56428996,10.00000000
22.96666667,4060.55955917,4060.55955917,4060.55955917,10.00000000
22.98333333,4065.55482838,4065.55482838,4065.55482838,10.00000000
23.00000000,4070.55009760,4070.55009760,4070.55009760,10.00000000
23.01666667,4075.54536683,4075.54536683,4075.54536683,10.00000000
23.03333333,4080.54063607,4080.54063607,4080.54063607,10.00000000
23.05000000,4085.53590532,4085.53590532,4085.53590532,10.00000000
23.06666667,4090.53117457,4090.53117457,4090.53117457,10.00000000
23.08333333,4095.52644383,4095.52644383,4095.52644383,10.00000000
23.10000000,4100.52171311,4100.52171311,4100.52171311,10.00000000
23.11666667,4105.51698238,4105.51698238,4105.51698238,10.00000000
23.13333333,4110.51225167,4110.51225167,4110.51225167,10.00000000
23.15000000,4115.50752096,4115.50752096,4115.50752096,10.00000000
23.16666667,4120.50279027,4120.50279027,4120.50279027,10.00000000
23.18333333,4125.49805958,4125.49805958,4125.49805958,10.00000000
23.20000000,4130.49332890,4130.49332890,4130.49332890,10.00000000
23.21666667,4135.48859822,4135.48859822,4135.48859822,10.00000000
23.23333333,4140.48386756,4140.48386756,4140.48386756,10.00000000
23.25000000,4145.47913690,4145.47913690,4145.47913690,10.00000000
23.26666667,4150.47440625,4150.47440625,4150.47440625,10.00000000
23.28333333,4155.46967561,4155.46967561,4155.46967561,10.00000000
23.30000000,4160.46494497,4160.46494497,4160.46494497,10.00000000
23.31666667,4165.46021434,4165.46021434,4165.46021434,10.00000000
23.33333333,4170.45548372,4170.45548372,4170.45548372,10.00000000
23.35000000,4175.45075311,4175.45075311,4175.45075311,10.00000000
23.36666667,4180.44602251,4180.44602251,4180.44602251,10.00000000
23.38333333,4185.44129191,4185.44129191,4185.44129191,10.00000000
23.40000000,4190.43656132,4190.43656132,4190.43656132,10.00000000
23.41666667,4195.43183074,4195.43183074,4195.43183074,10.00000000
23.43333333,4200.42710017,4200.42710017,4200.42710017,10.00000000
23.45000000,4205.42236960,4205.42236960,4205.42236960,10.00000000
23.46666667,4210.41763904,4210.41763904,4210.41763904,10.00000000
23.48333333,4215.41290849,4215.41290849,4215.41290849,10.00000000
23.50000000,4220.40817795,4220.40817795,4220.40817795,10.00000000
23.51666667,4225.40344741,4225.40344741,4225.40344741,10.00000000
23.53333333,4230.39871688,4230.39871688,4230.39871688,10.00000000
23.55000000,4235.39398636,4235.39398636,4235.39398636,10.00000000
23.56666667,4240.38925584,4240.38925584,4240.38925584,10.00000000
23.58333333,4245.38452534,4245.38452534,4245.38452534,10.00000000
23.60000000,4250.37979484,4250.37979484,4250.37979484,10.00000000
23.61666667,4255.37506434,4255.37506434,4255.37506434,10.00000000
23.63333333,4260.37033386,4260.37033386,4260.37033386,10.00000000
23.65000000,4265.36560338,4265.36560338,4265.36560338,10.00000000
23.66666667,4270.36087291,4270.36087291,4270.36087291,10.00000000
23.68333333,4275.35614244,4275.35614244,4275.35614244,10.00000000
23.70000000,4280.35141199,4280.35141199,4280.35141199,10.00000000
23.71666667,4285.34668154,4285.34668154,4285.34668154,10.00000000
23.73333333,4290.34195109,4290.34195109,4290.34195109,10.00000000
23.75000000,4295.33722066,4295.33722066,4295.33722066,10.00000000
23.76666667,4300.33249023,4300.33249023,4300.33249023,10.00000000
23.78333333,4305.32775981,4305.32775981,4305.32775981,10.00000000
23.80000000,4310.32302939,4310.32302939,4310.32302939,10.00000000
23.81666667,4315.31829898,4315.31829898,4315.31829898,10.00000000
23.83333333,4320.31356858,4320.31356858,4320.31356858,10.00000000
23.85000000,4325.30883819,4325.30883819,4325.30883819,10.00000000
23.86666667,4330.30410780,4330.30410780,4330.30410780,10.00000000
23.88333333,4335.29937742,4335.29937742,4335.29937742,10.00000000
23.90000000,4340.29464705,4340.29464705,4340.29464705,10.00000000
23.91666667,4345.28991668,4345.28991668,4345.28991668,10.00000000
23.93333333,4350.28518632,4350.28518632,4350.28518632,10.00000000
23.95000000,4355.28045596,4355.28045596,4355.28045596,10.00000000
23.96666667,4360.27572562,4360.27572562,4360.27572562,10.00000000
23.98333333,4365.27099528,4365.27099528,4365.27099528,10.00000000
24.00000000,4370.26626494,4370.26626494,4370.26626494,10.00000000
24.01666667,4375.26153462,4375.26153462,4375.26153462,10.00000000
24.03333333,4380.25680430,4380.25680430,4380.25680430,10.00000000
24.05000000,4385.25207398,4385.25207398,4385.25207398,10.00000000
24.06666667,4390.24734368,4390.24734368,4390.24734368,10.00000000
24.08333333,4395.24261338,4395.24261338,4395.24261338,10.00000000
24.10000000,4400.23788308,4400.23788308,4400.23788308,10.00000000
24.11666667,4405.23315279,4405.23315279,4405.23315279,10.00000000
24.13333333,4410.22842251,4410.22842251,4410.22842251,10.00000000
24.15000000,4415.22369224,4415.22369224,4415.22369224,10.00000000
24.16666667,4420.21896197,4420.21896197,4420.21896197,10.00000000
24.18333333,4425.21423171,4425.21423171,4425.21423171,10.00000000
24.20000000,4430.20950145,4430.20950145,4430.20950145,10.00000000
24.21666667,4435.20477121,4435.20477121,4435.20477121,10.00000000
24.23333333,4440.20004096,4440.20004096,4440.20004096,10.00000000
24.25000000,4445.19531073,4445.19531073,4445.19531073,10.00000000
24.26666667,4450.19058050,4450.19058050,4450.19058050,10.00000000
24.28333333,4455.18585027,4455.18585027,4455.18585027,10.00000000
24.30000000,4460.18112006,4460.18112006,4460.18112006,10.00000000
24.31666667,4465.17638985,4465.17638985,4465.17638985,10.00000000
24.33333333,4470.17165964,4470.17165964,4470.17165964,10.00000000
24.35000000,4475.16692944,4475.16692944,4475.16692944,10.00000000
24.36666667,4480.16219925,4480.16219925,4480.16219925,10.00000000
24.38333333,4485.15746907,4485.15746907,4485.15746907,10.00000000
24.40000000,4490.15273889,4490.15273889,4490.15273889,10.00000000
24.41666667,4495.14800871,4495.14800871,4495.14800871,10.00000000
24.43333333,4500.14327854,4500.14327854,4500.14327854,10.00000000
24.45000000,4505.13854838,4505.13854838,4505.13854838,10.00000000
24.46666667,4510.13381823,4510.13381823,4510.13381823,10.00000000
24.48333333,4515.12908808,4515.12908808,4515.12908808,10.00000000
24.50000000,4520.12435793,4520.12435793,4520.12435793,10.00000000
24.51666667,4525.11962780,4525.11962780,4525.11962780,10.00000000
24.53333333,4530.11489767,4530.11489767,4530.11489767,10.00000000
24.55000000,4535.11016754,4535.11016754,4535.11016754,10.00000000
24.56666667,4540.10543742,4540.10543742,4540.10543742,10.00000000
24.58333333,4545.10070731,4545.10070731,4545.10070731,10.00000000
24.60000000,4550.09597720,4550.09597720,4550.09597720,10.00000000
24.61666667,4555.09124710,4555.09124710,4555.09124710,10.00000000
24.63333333,4560.08651700,4560.08651700,4560.08651700,10.00000000
24.65000000,4565.08178691,4565.08178691,4565.08178691,10.00000000
24.66666667,4570.07705683,4570.07705683,4570.07705683,10.00000000
24.68333333,4575.07232675,4575.07232675,4575.07232675,10.00000000
24.70000000,4580.06759668,4580.06759668,4580.06759668,10.00000000
24.71666667,4585.06286661,4585.06286661,4585.06286661,10.00000000
24.73333333,4590.05813655,4590.05813655,4590.05813655,10.00000000
24.75000000,4595.05340649,4595.05340649,4595.05340649,10.00000000
24.76666667,4600.04867644,4600.04867644,4600.04867644,10.00000000
24.78333333,4605.04394640,4605.04394640,4605.04394640,10.00000000
24.80000000,4610.03921636,4610.03921636,4610.03921636,10.00000000
24.81666667,4615.03448633,4615.03448633,4615.03448633,10.00000000
24.83333333,4620.02975630,4620.02975630,4620.02975630,10.00000000
24.85000000,4625.02502628,4625.02502628,4625.02502628,10.00000000
24.86666667,4630.02029627,4630.02029627,4630.02029627,10.00000000
24.88333333,4635.01556626,4635.01556626,4635.01556626,10.00000000
24.90000000,4640.01083625,4640.01083625,4640.01083625,10.00000000
24.91666667,4645.00610625,4645.00610625,4645.00610625,10.00000000
24.93333333,4650.00137626,4650.00137626,4650.00137626,10.00000000
24.95000000,4654.99664627,4654.99664627,4654.99664627,10.00000000
24.96666667,4659.99191629,4659.99191629,4659.99191629,10.00000000
24.98333333,4664.98718631,4664.98718631,4664.98718631,10.00000000
25.00000000,4669.98245634,4669.98245634,4669.98245634,10.00000000
25.01666667,4674.97772637,4674.97772637,4674.97772637,10.00000000
25.03333333,4679.97299641,4679.97299641,4679.97299641,10.00000000
25.05000000,4684.96826646,4684.96826646,4684.96826646,10.00000000
25.06666667,4689.96353651,4689.96353651,4689.96353651,10.00000000
25.08333333,4694.95880656,4694.95880656,4694.95880656,10.00000000
25.10000000,4699.95407663,4699.95407663,4699.95407663,10.00000000
